<?xml version="1.0" encoding="UTF-8"?>
<infinispan
        xmlns:xsi="http://www.w3.org/2001/XMLSchema-instance"
        xsi:schemaLocation="urn:infinispan:config:6.0 http://www.infinispan.org/schemas/infinispan-config-6.0.xsd"
        xmlns="urn:infinispan:config:6.0">

    <!-- *************************** -->
    <!-- System-wide global settings -->
    <!-- *************************** -->

    <global>

        <!-- Duplicate domains are allowed so that multiple deployments with default configuration 
            of Hibernate OGM applications work - a better solution would be to use JNDI to share 
            the CacheManager across applications, or use a custom configuration.
            Only enable if needed - it has a performance impact. -->
        <globalJmxStatistics
                enabled="true"
                cacheManagerName="HibernateOGM"
                allowDuplicateDomains="true"/>

        <!-- If the transport is omitted, there is no way to create distributed or clustered 
            caches. There is no added cost to defining a transport but not creating a cache that uses one, 
            since the transport is created and initialized lazily. -->
        <transport
                clusterName="HibernateOGM-Infinispan-cluster"
                distributedSyncTimeout="50000">
            <!-- This is the default TCP based configuration, bundled in Infinispan core jar -->
            <properties>
                <property name="configurationFile" value="jgroups-tcp.xml"/>
            </properties>
        </transport>

        <!-- Used to register JVM shutdown hooks. hookBehavior: DEFAULT, REGISTER, DONT_REGISTER. 
            Hibernate OGM takes care to stop the CacheManager so registering is not needed -->
        <shutdown
                hookBehavior="DONT_REGISTER"/>

    </global>

    <!-- *************************** -->
    <!--   Default cache settings    -->
    <!-- *************************** -->

    <default>

        <!-- This element specifies that the cache is clustered. modes supported: distribution 
            (d), replication (r) or invalidation (i). Don't use invalidation as OGM storage! -->
        <clustering
                mode="distribution">

            <!-- Force loading all data at startup: to be enabled when using replication 
            <stateRetrieval
                timeout="20000"
                fetchInMemoryState="true"
                alwaysProvideInMemoryState="true" />  -->

            <!-- Network calls are synchronous by default -->
            <sync
                    replTimeout="25000"/>

            <!-- Keep L1 disabled until issues have been fixed -->
            <l1 enabled="false"/>

        </clustering>

        <!--transaction
            transactionMode="TRANSACTIONAL"
            transactionManagerLookupClass="org.infinispan.transaction.lookup.JBossStandaloneJTAManagerLookup">
        </transaction-->

        <eviction
                strategy="NONE"/>

        <expiration
                wakeUpInterval="-1"
                reaperEnabled="false"/>

    </default>

    <!-- *************************************** -->
    <!--     Cache to store the OGM entities     -->
    <!-- *************************************** -->
    <namedCache
            name="ENTITIES">
        <persistence passivation="true">
            <singleFile
                    location="/tmp/infinispan_ogm_fs_v6/store"/>
        </persistence>
    </namedCache>

    <!-- *********************************************** -->
    <!--   Cache to store the relations across entities  -->
    <!-- *********************************************** -->
    <namedCache
            name="ASSOCIATIONS">
        <persistence passivation="true">
            <singleFile
                    location="/tmp/infinispan_ogm_fs_v6/store"/>
        </persistence>
    </namedCache>

    <!-- ***************************** -->
    <!--   Cache to store identifiers  -->
    <!-- ***************************** -->
    <namedCache
            name="IDENTIFIERS">
        <persistence passivation="true">
            <singleFile
                    location="/tmp/infinispan_ogm_fs_v6/store"/>
        </persistence>
    </namedCache>

</infinispan>
